#
# TABLE STRUCTURE FOR: CLIENT
#

DROP TABLE IF EXISTS `CLIENT`;

CREATE TABLE `CLIENT` (
  `CLIENT_ID` int(10) unsigned NOT NULL,
  `CLIENT_NAME` varchar(10) NOT NULL,
  `CLIENT_STREET` varchar(30) NOT NULL,
  `CLIENT_CITY` varchar(20) NOT NULL,
  `CLIENT_NUMBER` int(10) unsigned NOT NULL,
  `DELIVERY_DATE` date DEFAULT NULL,
  `TRANSACTION_DATE` date DEFAULT NULL,
  `EMP_ID` int(10) unsigned NOT NULL,
  `DRIVER_ID` int(10) unsigned NOT NULL,
  `VEHICLE_ID` int(10) unsigned NOT NULL,
  `TRANSACTION_ID` int(10) unsigned NOT NULL,
  KEY `CLIENT_ID` (`CLIENT_ID`)
) ENGINE=InnoDB DEFAULT CHARSET=utf8;

INSERT INTO `CLIENT` (`CLIENT_ID`, `CLIENT_NAME`, `CLIENT_STREET`, `CLIENT_CITY`, `CLIENT_NUMBER`, `DELIVERY_DATE`, `TRANSACTION_DATE`, `EMP_ID`, `DRIVER_ID`, `VEHICLE_ID`, `TRANSACTION_ID`) VALUES (6356, 'animi', 'inventore', 'West Braedenbury', 0, '2014-01-01', '2007-10-23', 2013, 104, 301, 101203);
INSERT INTO `CLIENT` (`CLIENT_ID`, `CLIENT_NAME`, `CLIENT_STREET`, `CLIENT_CITY`, `CLIENT_NUMBER`, `DELIVERY_DATE`, `TRANSACTION_DATE`, `EMP_ID`, `DRIVER_ID`, `VEHICLE_ID`, `TRANSACTION_ID`) VALUES (9518, 'fugiat', 'quidem', 'South Jamarborough', 0, '2014-05-12', '1994-09-15', 2029, 118, 312, 115687);
INSERT INTO `CLIENT` (`CLIENT_ID`, `CLIENT_NAME`, `CLIENT_STREET`, `CLIENT_CITY`, `CLIENT_NUMBER`, `DELIVERY_DATE`, `TRANSACTION_DATE`, `EMP_ID`, `DRIVER_ID`, `VEHICLE_ID`, `TRANSACTION_ID`) VALUES (5775, 'distinctio', 'voluptate', 'Lake Martine', 926038, '2008-06-13', '1973-06-14', 2061, 119, 319, 147550);
INSERT INTO `CLIENT` (`CLIENT_ID`, `CLIENT_NAME`, `CLIENT_STREET`, `CLIENT_CITY`, `CLIENT_NUMBER`, `DELIVERY_DATE`, `TRANSACTION_DATE`, `EMP_ID`, `DRIVER_ID`, `VEHICLE_ID`, `TRANSACTION_ID`) VALUES (6080, 'eaque', 'fuga', 'West Lydialand', 1929, '2012-07-14', '1985-01-11', 2136, 124, 323, 185489);
INSERT INTO `CLIENT` (`CLIENT_ID`, `CLIENT_NAME`, `CLIENT_STREET`, `CLIENT_CITY`, `CLIENT_NUMBER`, `DELIVERY_DATE`, `TRANSACTION_DATE`, `EMP_ID`, `DRIVER_ID`, `VEHICLE_ID`, `TRANSACTION_ID`) VALUES (6008, 'rerum', 'facilis', 'Ivatown', 39740, '1981-09-30', '1990-08-12', 2205, 125, 325, 186472);
INSERT INTO `CLIENT` (`CLIENT_ID`, `CLIENT_NAME`, `CLIENT_STREET`, `CLIENT_CITY`, `CLIENT_NUMBER`, `DELIVERY_DATE`, `TRANSACTION_DATE`, `EMP_ID`, `DRIVER_ID`, `VEHICLE_ID`, `TRANSACTION_ID`) VALUES (8576, 'qui', 'est', 'New Eugeneside', 68975, '1985-11-03', '1984-09-12', 2216, 126, 330, 194584);
INSERT INTO `CLIENT` (`CLIENT_ID`, `CLIENT_NAME`, `CLIENT_STREET`, `CLIENT_CITY`, `CLIENT_NUMBER`, `DELIVERY_DATE`, `TRANSACTION_DATE`, `EMP_ID`, `DRIVER_ID`, `VEHICLE_ID`, `TRANSACTION_ID`) VALUES (5937, 'error', 'quos', 'North Olafstad', 71455, '1986-04-05', '1980-12-12', 2250, 128, 331, 205521);
INSERT INTO `CLIENT` (`CLIENT_ID`, `CLIENT_NAME`, `CLIENT_STREET`, `CLIENT_CITY`, `CLIENT_NUMBER`, `DELIVERY_DATE`, `TRANSACTION_DATE`, `EMP_ID`, `DRIVER_ID`, `VEHICLE_ID`, `TRANSACTION_ID`) VALUES (6861, 'aut', 'aut', 'Lake Janelle', 584635355, '2012-04-25', '2008-06-16', 2268, 129, 336, 229052);
INSERT INTO `CLIENT` (`CLIENT_ID`, `CLIENT_NAME`, `CLIENT_STREET`, `CLIENT_CITY`, `CLIENT_NUMBER`, `DELIVERY_DATE`, `TRANSACTION_DATE`, `EMP_ID`, `DRIVER_ID`, `VEHICLE_ID`, `TRANSACTION_ID`) VALUES (5433, 'veniam', 'enim', 'Estefaniaside', 76243538, '1970-01-02', '2000-05-29', 2277, 141, 351, 237027);
INSERT INTO `CLIENT` (`CLIENT_ID`, `CLIENT_NAME`, `CLIENT_STREET`, `CLIENT_CITY`, `CLIENT_NUMBER`, `DELIVERY_DATE`, `TRANSACTION_DATE`, `EMP_ID`, `DRIVER_ID`, `VEHICLE_ID`, `TRANSACTION_ID`) VALUES (5108, 'deserunt', 'voluptatem', 'Schmidtmouth', 443025876, '1999-05-31', '2016-01-07', 2279, 156, 352, 294355);
INSERT INTO `CLIENT` (`CLIENT_ID`, `CLIENT_NAME`, `CLIENT_STREET`, `CLIENT_CITY`, `CLIENT_NUMBER`, `DELIVERY_DATE`, `TRANSACTION_DATE`, `EMP_ID`, `DRIVER_ID`, `VEHICLE_ID`, `TRANSACTION_ID`) VALUES (6480, 'quia', 'id', 'Jerdeberg', 98732481, '1992-09-19', '1983-03-17', 2288, 159, 353, 308046);
INSERT INTO `CLIENT` (`CLIENT_ID`, `CLIENT_NAME`, `CLIENT_STREET`, `CLIENT_CITY`, `CLIENT_NUMBER`, `DELIVERY_DATE`, `TRANSACTION_DATE`, `EMP_ID`, `DRIVER_ID`, `VEHICLE_ID`, `TRANSACTION_ID`) VALUES (8364, 'iure', 'unde', 'New Herbertborough', 96416, '2016-11-28', '1975-12-15', 2316, 165, 354, 331951);
INSERT INTO `CLIENT` (`CLIENT_ID`, `CLIENT_NAME`, `CLIENT_STREET`, `CLIENT_CITY`, `CLIENT_NUMBER`, `DELIVERY_DATE`, `TRANSACTION_DATE`, `EMP_ID`, `DRIVER_ID`, `VEHICLE_ID`, `TRANSACTION_ID`) VALUES (8652, 'minus', 'rem', 'Lake Darrylmouth', 393, '2018-04-24', '1973-04-14', 2364, 167, 363, 419179);
INSERT INTO `CLIENT` (`CLIENT_ID`, `CLIENT_NAME`, `CLIENT_STREET`, `CLIENT_CITY`, `CLIENT_NUMBER`, `DELIVERY_DATE`, `TRANSACTION_DATE`, `EMP_ID`, `DRIVER_ID`, `VEHICLE_ID`, `TRANSACTION_ID`) VALUES (5469, 'voluptatum', 'voluptas', 'North Delphine', 348510429, '2000-03-20', '1996-10-26', 2478, 174, 364, 423709);
INSERT INTO `CLIENT` (`CLIENT_ID`, `CLIENT_NAME`, `CLIENT_STREET`, `CLIENT_CITY`, `CLIENT_NUMBER`, `DELIVERY_DATE`, `TRANSACTION_DATE`, `EMP_ID`, `DRIVER_ID`, `VEHICLE_ID`, `TRANSACTION_ID`) VALUES (8238, 'facere', 'qui', 'West Mariam', 285775, '1990-02-23', '2011-10-22', 2479, 175, 368, 430287);
INSERT INTO `CLIENT` (`CLIENT_ID`, `CLIENT_NAME`, `CLIENT_STREET`, `CLIENT_CITY`, `CLIENT_NUMBER`, `DELIVERY_DATE`, `TRANSACTION_DATE`, `EMP_ID`, `DRIVER_ID`, `VEHICLE_ID`, `TRANSACTION_ID`) VALUES (7084, 'excepturi', 'provident', 'New Albertoborough', 0, '1979-10-09', '1985-08-15', 2497, 183, 371, 449609);
INSERT INTO `CLIENT` (`CLIENT_ID`, `CLIENT_NAME`, `CLIENT_STREET`, `CLIENT_CITY`, `CLIENT_NUMBER`, `DELIVERY_DATE`, `TRANSACTION_DATE`, `EMP_ID`, `DRIVER_ID`, `VEHICLE_ID`, `TRANSACTION_ID`) VALUES (5393, 'voluptatem', 'ex', 'Lake Aletha', 394208980, '2012-08-07', '2002-03-13', 2595, 184, 378, 453286);
INSERT INTO `CLIENT` (`CLIENT_ID`, `CLIENT_NAME`, `CLIENT_STREET`, `CLIENT_CITY`, `CLIENT_NUMBER`, `DELIVERY_DATE`, `TRANSACTION_DATE`, `EMP_ID`, `DRIVER_ID`, `VEHICLE_ID`, `TRANSACTION_ID`) VALUES (8161, 'accusantiu', 'quidem', 'Lake Randimouth', 1636, '1988-11-17', '2010-04-21', 2694, 188, 379, 481494);
INSERT INTO `CLIENT` (`CLIENT_ID`, `CLIENT_NAME`, `CLIENT_STREET`, `CLIENT_CITY`, `CLIENT_NUMBER`, `DELIVERY_DATE`, `TRANSACTION_DATE`, `EMP_ID`, `DRIVER_ID`, `VEHICLE_ID`, `TRANSACTION_ID`) VALUES (7655, 'sunt', 'facilis', 'South Rosaleeborough', 30466, '1999-05-21', '1990-01-07', 2721, 193, 381, 483229);
INSERT INTO `CLIENT` (`CLIENT_ID`, `CLIENT_NAME`, `CLIENT_STREET`, `CLIENT_CITY`, `CLIENT_NUMBER`, `DELIVERY_DATE`, `TRANSACTION_DATE`, `EMP_ID`, `DRIVER_ID`, `VEHICLE_ID`, `TRANSACTION_ID`) VALUES (7294, 'blanditiis', 'quisquam', 'West Kelli', 2414089, '1988-11-29', '2012-06-07', 2793, 194, 382, 491352);


#
# TABLE STRUCTURE FOR: EMPLOYEE
#

DROP TABLE IF EXISTS `EMPLOYEE`;

CREATE TABLE `EMPLOYEE` (
  `EMP_ID` int(10) unsigned NOT NULL,
  `EMP_NAME` varchar(35) NOT NULL,
  `EMP_DEPT` varchar(15) NOT NULL,
  `EMP_POSITION` varchar(15) NOT NULL,
  `EMP_SALARY` float(9,2) NOT NULL DEFAULT 0.00,
  `EMP_CITY` varchar(15) NOT NULL,
  `DOJ` date DEFAULT NULL,
  `DOB` date DEFAULT NULL,
  `MANAGER_ID` int(10) NOT NULL,
  KEY `EMP_ID` (`EMP_ID`)
) ENGINE=InnoDB DEFAULT CHARSET=utf8;

INSERT INTO `EMPLOYEE` (`EMP_ID`, `EMP_NAME`, `EMP_DEPT`, `EMP_POSITION`, `EMP_SALARY`, `EMP_CITY`, `DOJ`, `DOB`, `MANAGER_ID`) VALUES (2205, '842', 'Research and De', 'Product Officer', '24095.00', 'Lake Cydneyshir', '1983-03-28', '1994-01-29', 2519);
INSERT INTO `EMPLOYEE` (`EMP_ID`, `EMP_NAME`, `EMP_DEPT`, `EMP_POSITION`, `EMP_SALARY`, `EMP_CITY`, `DOJ`, `DOB`, `MANAGER_ID`) VALUES (2279, '335', 'Finance and Adm', 'Manager', '20643.00', 'Sanfordborough', '2002-05-23', '1994-12-19', 2119);
INSERT INTO `EMPLOYEE` (`EMP_ID`, `EMP_NAME`, `EMP_DEPT`, `EMP_POSITION`, `EMP_SALARY`, `EMP_CITY`, `DOJ`, `DOB`, `MANAGER_ID`) VALUES (2288, '548', 'Finance and Adm', 'Manager', '21078.00', 'Prohaskaton', '1995-07-30', '1997-03-26', 2247);
INSERT INTO `EMPLOYEE` (`EMP_ID`, `EMP_NAME`, `EMP_DEPT`, `EMP_POSITION`, `EMP_SALARY`, `EMP_CITY`, `DOJ`, `DOB`, `MANAGER_ID`) VALUES (2721, '934', 'Business Develo', 'Product Officer', '20973.00', 'North Jeffrysid', '1991-12-20', '2005-05-27', 2214);
INSERT INTO `EMPLOYEE` (`EMP_ID`, `EMP_NAME`, `EMP_DEPT`, `EMP_POSITION`, `EMP_SALARY`, `EMP_CITY`, `DOJ`, `DOB`, `MANAGER_ID`) VALUES (2595, '367', 'Operations', 'Manager', '24146.00', 'Mathildeberg', '1992-05-10', '1993-05-23', 2471);
INSERT INTO `EMPLOYEE` (`EMP_ID`, `EMP_NAME`, `EMP_DEPT`, `EMP_POSITION`, `EMP_SALARY`, `EMP_CITY`, `DOJ`, `DOB`, `MANAGER_ID`) VALUES (2136, '435', 'Finance and Adm', 'Product Officer', '20481.00', 'South Francisto', '1973-05-21', '1974-02-11', 2667);
INSERT INTO `EMPLOYEE` (`EMP_ID`, `EMP_NAME`, `EMP_DEPT`, `EMP_POSITION`, `EMP_SALARY`, `EMP_CITY`, `DOJ`, `DOB`, `MANAGER_ID`) VALUES (2478, '177', 'Clinical Resear', 'Manager', '24473.00', 'Ilianaside', '2000-08-04', '2008-05-20', 2118);
INSERT INTO `EMPLOYEE` (`EMP_ID`, `EMP_NAME`, `EMP_DEPT`, `EMP_POSITION`, `EMP_SALARY`, `EMP_CITY`, `DOJ`, `DOB`, `MANAGER_ID`) VALUES (2277, '611', 'Research and De', 'Manager', '21357.00', 'Farrellmouth', '1986-12-10', '1981-03-25', 2769);
INSERT INTO `EMPLOYEE` (`EMP_ID`, `EMP_NAME`, `EMP_DEPT`, `EMP_POSITION`, `EMP_SALARY`, `EMP_CITY`, `DOJ`, `DOB`, `MANAGER_ID`) VALUES (2793, '935', 'Quality', 'Manager', '21508.00', 'Westborough', '1973-08-06', '1973-05-13', 2198);
INSERT INTO `EMPLOYEE` (`EMP_ID`, `EMP_NAME`, `EMP_DEPT`, `EMP_POSITION`, `EMP_SALARY`, `EMP_CITY`, `DOJ`, `DOB`, `MANAGER_ID`) VALUES (2029, '476', 'Finance and Adm', 'Product Officer', '20814.00', 'Brandofort', '1993-06-05', '1995-01-29', 2514);
INSERT INTO `EMPLOYEE` (`EMP_ID`, `EMP_NAME`, `EMP_DEPT`, `EMP_POSITION`, `EMP_SALARY`, `EMP_CITY`, `DOJ`, `DOB`, `MANAGER_ID`) VALUES (2061, '922', 'Research and De', 'Manager', '21037.00', 'Lorineberg', '2011-10-09', '1986-07-26', 2886);
INSERT INTO `EMPLOYEE` (`EMP_ID`, `EMP_NAME`, `EMP_DEPT`, `EMP_POSITION`, `EMP_SALARY`, `EMP_CITY`, `DOJ`, `DOB`, `MANAGER_ID`) VALUES (2694, '990', 'Clinical Resear', 'Product Officer', '22057.00', 'North Hank', '1970-01-26', '1999-08-11', 2305);
INSERT INTO `EMPLOYEE` (`EMP_ID`, `EMP_NAME`, `EMP_DEPT`, `EMP_POSITION`, `EMP_SALARY`, `EMP_CITY`, `DOJ`, `DOB`, `MANAGER_ID`) VALUES (2479, '248', 'Finance and Adm', 'Product Officer', '22654.00', 'Kubchester', '2007-10-20', '2017-07-27', 2241);
INSERT INTO `EMPLOYEE` (`EMP_ID`, `EMP_NAME`, `EMP_DEPT`, `EMP_POSITION`, `EMP_SALARY`, `EMP_CITY`, `DOJ`, `DOB`, `MANAGER_ID`) VALUES (2268, '646', 'Clinical Resear', 'Manager', '21089.00', 'East Abigaylela', '1982-05-19', '1993-08-23', 2710);
INSERT INTO `EMPLOYEE` (`EMP_ID`, `EMP_NAME`, `EMP_DEPT`, `EMP_POSITION`, `EMP_SALARY`, `EMP_CITY`, `DOJ`, `DOB`, `MANAGER_ID`) VALUES (2316, '008', 'Operations', 'Manager', '23000.00', 'North Bertrand', '1975-12-03', '1991-05-27', 2106);
INSERT INTO `EMPLOYEE` (`EMP_ID`, `EMP_NAME`, `EMP_DEPT`, `EMP_POSITION`, `EMP_SALARY`, `EMP_CITY`, `DOJ`, `DOB`, `MANAGER_ID`) VALUES (2497, '427', 'Operations', 'Manager', '23099.00', 'Nilsbury', '2006-10-04', '2010-08-03', 2687);
INSERT INTO `EMPLOYEE` (`EMP_ID`, `EMP_NAME`, `EMP_DEPT`, `EMP_POSITION`, `EMP_SALARY`, `EMP_CITY`, `DOJ`, `DOB`, `MANAGER_ID`) VALUES (2013, '505', 'Clinical Resear', 'Product Officer', '20026.00', 'East Sibyl', '1987-10-23', '2019-03-24', 2952);
INSERT INTO `EMPLOYEE` (`EMP_ID`, `EMP_NAME`, `EMP_DEPT`, `EMP_POSITION`, `EMP_SALARY`, `EMP_CITY`, `DOJ`, `DOB`, `MANAGER_ID`) VALUES (2216, '565', 'Research and De', 'Product Officer', '20290.00', 'Port Devantebur', '2001-05-25', '2009-07-16', 2348);
INSERT INTO `EMPLOYEE` (`EMP_ID`, `EMP_NAME`, `EMP_DEPT`, `EMP_POSITION`, `EMP_SALARY`, `EMP_CITY`, `DOJ`, `DOB`, `MANAGER_ID`) VALUES (2364, '133', 'Research and De', 'Manager', '21364.00', 'North Fayburgh', '2018-03-08', '1999-02-03', 2190);
INSERT INTO `EMPLOYEE` (`EMP_ID`, `EMP_NAME`, `EMP_DEPT`, `EMP_POSITION`, `EMP_SALARY`, `EMP_CITY`, `DOJ`, `DOB`, `MANAGER_ID`) VALUES (2250, '617', 'Research and De', 'Manager', '20071.00', 'West Vidalside', '1995-12-27', '1989-07-28', 2122);


#
# TABLE STRUCTURE FOR: MODE_OF_TRANSPORT
#

DROP TABLE IF EXISTS `MODE_OF_TRANSPORT`;

CREATE TABLE `MODE_OF_TRANSPORT` (
  `DRIVER_ID` int(10) unsigned NOT NULL,
  `VEHICLE_ID` int(10) unsigned NOT NULL,
  `TRANSPORT_TYPE` varchar(20) NOT NULL,
  UNIQUE KEY `VEHICLE_ID` (`VEHICLE_ID`),
  KEY `DRIVER_ID` (`DRIVER_ID`)
) ENGINE=InnoDB DEFAULT CHARSET=utf8;

INSERT INTO `MODE_OF_TRANSPORT` (`DRIVER_ID`, `VEHICLE_ID`, `TRANSPORT_TYPE`) VALUES (126, 301, 'Mini_Truck_Van');
INSERT INTO `MODE_OF_TRANSPORT` (`DRIVER_ID`, `VEHICLE_ID`, `TRANSPORT_TYPE`) VALUES (141, 312, 'Mini_Van');
INSERT INTO `MODE_OF_TRANSPORT` (`DRIVER_ID`, `VEHICLE_ID`, `TRANSPORT_TYPE`) VALUES (188, 319, 'Mini_Truck_Van');
INSERT INTO `MODE_OF_TRANSPORT` (`DRIVER_ID`, `VEHICLE_ID`, `TRANSPORT_TYPE`) VALUES (119, 323, 'Truck');
INSERT INTO `MODE_OF_TRANSPORT` (`DRIVER_ID`, `VEHICLE_ID`, `TRANSPORT_TYPE`) VALUES (183, 325, 'Truck');
INSERT INTO `MODE_OF_TRANSPORT` (`DRIVER_ID`, `VEHICLE_ID`, `TRANSPORT_TYPE`) VALUES (193, 330, 'Mini_Van');
INSERT INTO `MODE_OF_TRANSPORT` (`DRIVER_ID`, `VEHICLE_ID`, `TRANSPORT_TYPE`) VALUES (129, 331, 'Mini_Truck_Van');
INSERT INTO `MODE_OF_TRANSPORT` (`DRIVER_ID`, `VEHICLE_ID`, `TRANSPORT_TYPE`) VALUES (124, 336, 'Mini_Van');
INSERT INTO `MODE_OF_TRANSPORT` (`DRIVER_ID`, `VEHICLE_ID`, `TRANSPORT_TYPE`) VALUES (167, 351, 'Mini_Truck_Van');
INSERT INTO `MODE_OF_TRANSPORT` (`DRIVER_ID`, `VEHICLE_ID`, `TRANSPORT_TYPE`) VALUES (104, 352, 'Mini_Van');
INSERT INTO `MODE_OF_TRANSPORT` (`DRIVER_ID`, `VEHICLE_ID`, `TRANSPORT_TYPE`) VALUES (174, 353, 'Mini_Truck_Van');
INSERT INTO `MODE_OF_TRANSPORT` (`DRIVER_ID`, `VEHICLE_ID`, `TRANSPORT_TYPE`) VALUES (175, 354, 'Truck');
INSERT INTO `MODE_OF_TRANSPORT` (`DRIVER_ID`, `VEHICLE_ID`, `TRANSPORT_TYPE`) VALUES (156, 363, 'Mini_Truck_Van');
INSERT INTO `MODE_OF_TRANSPORT` (`DRIVER_ID`, `VEHICLE_ID`, `TRANSPORT_TYPE`) VALUES (165, 364, 'Mini_Truck_Van');
INSERT INTO `MODE_OF_TRANSPORT` (`DRIVER_ID`, `VEHICLE_ID`, `TRANSPORT_TYPE`) VALUES (125, 368, 'Mini_Van');
INSERT INTO `MODE_OF_TRANSPORT` (`DRIVER_ID`, `VEHICLE_ID`, `TRANSPORT_TYPE`) VALUES (118, 371, 'Mini_Van');
INSERT INTO `MODE_OF_TRANSPORT` (`DRIVER_ID`, `VEHICLE_ID`, `TRANSPORT_TYPE`) VALUES (184, 378, 'Mini_Truck_Van');
INSERT INTO `MODE_OF_TRANSPORT` (`DRIVER_ID`, `VEHICLE_ID`, `TRANSPORT_TYPE`) VALUES (194, 379, 'Mini_Truck_Van');
INSERT INTO `MODE_OF_TRANSPORT` (`DRIVER_ID`, `VEHICLE_ID`, `TRANSPORT_TYPE`) VALUES (128, 381, 'Truck');
INSERT INTO `MODE_OF_TRANSPORT` (`DRIVER_ID`, `VEHICLE_ID`, `TRANSPORT_TYPE`) VALUES (159, 382, 'Mini_Van');


#
# TABLE STRUCTURE FOR: ORDERS
#

DROP TABLE IF EXISTS `ORDERS`;

CREATE TABLE `ORDERS` (
  `PRODUCT_ID` int(10) unsigned NOT NULL,
  `CLIENT_ID` int(10) unsigned NOT NULL,
  KEY `PRODUCT_ID` (`PRODUCT_ID`),
  KEY `CLIENT_ID` (`CLIENT_ID`)
) ENGINE=InnoDB DEFAULT CHARSET=utf8;

INSERT INTO `ORDERS` (`PRODUCT_ID`, `CLIENT_ID`) VALUES (401, 5108);
INSERT INTO `ORDERS` (`PRODUCT_ID`, `CLIENT_ID`) VALUES (404, 5393);
INSERT INTO `ORDERS` (`PRODUCT_ID`, `CLIENT_ID`) VALUES (420, 5433);
INSERT INTO `ORDERS` (`PRODUCT_ID`, `CLIENT_ID`) VALUES (421, 5469);
INSERT INTO `ORDERS` (`PRODUCT_ID`, `CLIENT_ID`) VALUES (433, 5775);
INSERT INTO `ORDERS` (`PRODUCT_ID`, `CLIENT_ID`) VALUES (439, 5937);
INSERT INTO `ORDERS` (`PRODUCT_ID`, `CLIENT_ID`) VALUES (444, 6008);
INSERT INTO `ORDERS` (`PRODUCT_ID`, `CLIENT_ID`) VALUES (448, 6080);
INSERT INTO `ORDERS` (`PRODUCT_ID`, `CLIENT_ID`) VALUES (460, 6356);
INSERT INTO `ORDERS` (`PRODUCT_ID`, `CLIENT_ID`) VALUES (464, 6480);
INSERT INTO `ORDERS` (`PRODUCT_ID`, `CLIENT_ID`) VALUES (465, 6861);
INSERT INTO `ORDERS` (`PRODUCT_ID`, `CLIENT_ID`) VALUES (468, 7084);
INSERT INTO `ORDERS` (`PRODUCT_ID`, `CLIENT_ID`) VALUES (472, 7294);
INSERT INTO `ORDERS` (`PRODUCT_ID`, `CLIENT_ID`) VALUES (473, 7655);
INSERT INTO `ORDERS` (`PRODUCT_ID`, `CLIENT_ID`) VALUES (480, 8161);
INSERT INTO `ORDERS` (`PRODUCT_ID`, `CLIENT_ID`) VALUES (486, 8238);
INSERT INTO `ORDERS` (`PRODUCT_ID`, `CLIENT_ID`) VALUES (489, 8364);
INSERT INTO `ORDERS` (`PRODUCT_ID`, `CLIENT_ID`) VALUES (490, 8576);
INSERT INTO `ORDERS` (`PRODUCT_ID`, `CLIENT_ID`) VALUES (495, 8652);
INSERT INTO `ORDERS` (`PRODUCT_ID`, `CLIENT_ID`) VALUES (500, 9518);


#
# TABLE STRUCTURE FOR: PRODUCT
#

DROP TABLE IF EXISTS `PRODUCT`;

CREATE TABLE `PRODUCT` (
  `PRODUCT_ID` int(10) unsigned NOT NULL,
  `PRODUCT_NAME` varchar(15) NOT NULL,
  `EXP_DATE` date DEFAULT NULL,
  `PRICE` decimal(10,2) NOT NULL DEFAULT 0.00,
  `DRIVER_ID` int(10) unsigned NOT NULL,
  `VEHICLE_ID` int(10) unsigned NOT NULL,
  KEY `PRODUCT_ID` (`PRODUCT_ID`)
) ENGINE=InnoDB DEFAULT CHARSET=utf8;

INSERT INTO `PRODUCT` (`PRODUCT_ID`, `PRODUCT_NAME`, `EXP_DATE`, `PRICE`, `DRIVER_ID`, `VEHICLE_ID`) VALUES (490, 'sequi', '2020-01-11', '11952.00', 104, 301);
INSERT INTO `PRODUCT` (`PRODUCT_ID`, `PRODUCT_NAME`, `EXP_DATE`, `PRICE`, `DRIVER_ID`, `VEHICLE_ID`) VALUES (495, 'qui', '2020-06-15', '18429.00', 118, 312);
INSERT INTO `PRODUCT` (`PRODUCT_ID`, `PRODUCT_NAME`, `EXP_DATE`, `PRICE`, `DRIVER_ID`, `VEHICLE_ID`) VALUES (421, 'numquam', '2020-11-12', '19819.00', 119, 319);
INSERT INTO `PRODUCT` (`PRODUCT_ID`, `PRODUCT_NAME`, `EXP_DATE`, `PRICE`, `DRIVER_ID`, `VEHICLE_ID`) VALUES (433, 'odio', '2020-10-07', '12838.00', 124, 323);
INSERT INTO `PRODUCT` (`PRODUCT_ID`, `PRODUCT_NAME`, `EXP_DATE`, `PRICE`, `DRIVER_ID`, `VEHICLE_ID`) VALUES (460, 'quasi', '2020-08-26', '10270.00', 125, 325);
INSERT INTO `PRODUCT` (`PRODUCT_ID`, `PRODUCT_NAME`, `EXP_DATE`, `PRICE`, `DRIVER_ID`, `VEHICLE_ID`) VALUES (465, 'reiciendis', '2020-09-30', '17852.00', 126, 330);
INSERT INTO `PRODUCT` (`PRODUCT_ID`, `PRODUCT_NAME`, `EXP_DATE`, `PRICE`, `DRIVER_ID`, `VEHICLE_ID`) VALUES (401, 'soluta', '2020-08-14', '1459.00', 128, 331);
INSERT INTO `PRODUCT` (`PRODUCT_ID`, `PRODUCT_NAME`, `EXP_DATE`, `PRICE`, `DRIVER_ID`, `VEHICLE_ID`) VALUES (480, 'quis', '2020-07-21', '14763.00', 129, 336);
INSERT INTO `PRODUCT` (`PRODUCT_ID`, `PRODUCT_NAME`, `EXP_DATE`, `PRICE`, `DRIVER_ID`, `VEHICLE_ID`) VALUES (472, 'et', '2020-03-06', '6116.00', 141, 351);
INSERT INTO `PRODUCT` (`PRODUCT_ID`, `PRODUCT_NAME`, `EXP_DATE`, `PRICE`, `DRIVER_ID`, `VEHICLE_ID`) VALUES (448, 'et', '2020-08-30', '17375.00', 156, 352);
INSERT INTO `PRODUCT` (`PRODUCT_ID`, `PRODUCT_NAME`, `EXP_DATE`, `PRICE`, `DRIVER_ID`, `VEHICLE_ID`) VALUES (404, 'placeat', '2020-07-15', '8196.00', 159, 353);
INSERT INTO `PRODUCT` (`PRODUCT_ID`, `PRODUCT_NAME`, `EXP_DATE`, `PRICE`, `DRIVER_ID`, `VEHICLE_ID`) VALUES (473, 'nisi', '2020-04-07', '19945.00', 165, 354);
INSERT INTO `PRODUCT` (`PRODUCT_ID`, `PRODUCT_NAME`, `EXP_DATE`, `PRICE`, `DRIVER_ID`, `VEHICLE_ID`) VALUES (489, 'ullam', '2020-12-25', '4579.00', 167, 363);
INSERT INTO `PRODUCT` (`PRODUCT_ID`, `PRODUCT_NAME`, `EXP_DATE`, `PRICE`, `DRIVER_ID`, `VEHICLE_ID`) VALUES (500, 'dolores', '2020-07-11', '12461.00', 174, 364);
INSERT INTO `PRODUCT` (`PRODUCT_ID`, `PRODUCT_NAME`, `EXP_DATE`, `PRICE`, `DRIVER_ID`, `VEHICLE_ID`) VALUES (486, 'alias', '2020-08-02', '9995.00', 175, 368);
INSERT INTO `PRODUCT` (`PRODUCT_ID`, `PRODUCT_NAME`, `EXP_DATE`, `PRICE`, `DRIVER_ID`, `VEHICLE_ID`) VALUES (420, 'et', '2020-06-06', '10125.00', 183, 371);
INSERT INTO `PRODUCT` (`PRODUCT_ID`, `PRODUCT_NAME`, `EXP_DATE`, `PRICE`, `DRIVER_ID`, `VEHICLE_ID`) VALUES (468, 'nihil', '2020-12-11', '19674.00', 184, 378);
INSERT INTO `PRODUCT` (`PRODUCT_ID`, `PRODUCT_NAME`, `EXP_DATE`, `PRICE`, `DRIVER_ID`, `VEHICLE_ID`) VALUES (444, 'velit', '2020-04-17', '13121.00', 188, 379);
INSERT INTO `PRODUCT` (`PRODUCT_ID`, `PRODUCT_NAME`, `EXP_DATE`, `PRICE`, `DRIVER_ID`, `VEHICLE_ID`) VALUES (464, 'et', '2020-06-04', '12973.00', 193, 381);
INSERT INTO `PRODUCT` (`PRODUCT_ID`, `PRODUCT_NAME`, `EXP_DATE`, `PRICE`, `DRIVER_ID`, `VEHICLE_ID`) VALUES (439, 'delectus', '2020-05-23', '12780.00', 194, 382);


#
# TABLE STRUCTURE FOR: SALES
#

DROP TABLE IF EXISTS `SALES`;

CREATE TABLE `SALES` (
  `SALES_ID` int(10) unsigned NOT NULL,
  `PROFIT` float(9,2) NOT NULL DEFAULT 0.00,
  `SALES_AMOUNT` float(9,2) NOT NULL DEFAULT 0.00,
  UNIQUE KEY `SALES_ID_2` (`SALES_ID`),
  KEY `SALES_ID` (`SALES_ID`)
) ENGINE=InnoDB DEFAULT CHARSET=utf8;

INSERT INTO `SALES` (`SALES_ID`, `PROFIT`, `SALES_AMOUNT`) VALUES (0, '76932.00', '9.00');
INSERT INTO `SALES` (`SALES_ID`, `PROFIT`, `SALES_AMOUNT`) VALUES (2, '10000000.00', '10000000.00');
INSERT INTO `SALES` (`SALES_ID`, `PROFIT`, `SALES_AMOUNT`) VALUES (3, '47017.00', '121.00');
INSERT INTO `SALES` (`SALES_ID`, `PROFIT`, `SALES_AMOUNT`) VALUES (9, '42.00', '9500387.00');
INSERT INTO `SALES` (`SALES_ID`, `PROFIT`, `SALES_AMOUNT`) VALUES (38, '2.00', '79.00');
INSERT INTO `SALES` (`SALES_ID`, `PROFIT`, `SALES_AMOUNT`) VALUES (533, '891864.00', '0.00');
INSERT INTO `SALES` (`SALES_ID`, `PROFIT`, `SALES_AMOUNT`) VALUES (4359, '10000000.00', '0.00');
INSERT INTO `SALES` (`SALES_ID`, `PROFIT`, `SALES_AMOUNT`) VALUES (8344, '22.00', '10000000.00');
INSERT INTO `SALES` (`SALES_ID`, `PROFIT`, `SALES_AMOUNT`) VALUES (9308, '75946.00', '10000000.00');
INSERT INTO `SALES` (`SALES_ID`, `PROFIT`, `SALES_AMOUNT`) VALUES (41296, '3.00', '0.00');
INSERT INTO `SALES` (`SALES_ID`, `PROFIT`, `SALES_AMOUNT`) VALUES (270810, '7547.00', '7412.00');
INSERT INTO `SALES` (`SALES_ID`, `PROFIT`, `SALES_AMOUNT`) VALUES (713154, '657351.00', '946880.00');
INSERT INTO `SALES` (`SALES_ID`, `PROFIT`, `SALES_AMOUNT`) VALUES (814741, '207064.00', '276556.00');
INSERT INTO `SALES` (`SALES_ID`, `PROFIT`, `SALES_AMOUNT`) VALUES (3836458, '5705089.00', '10000000.00');
INSERT INTO `SALES` (`SALES_ID`, `PROFIT`, `SALES_AMOUNT`) VALUES (5082003, '0.00', '10000000.00');
INSERT INTO `SALES` (`SALES_ID`, `PROFIT`, `SALES_AMOUNT`) VALUES (8548641, '2720744.00', '2.00');
INSERT INTO `SALES` (`SALES_ID`, `PROFIT`, `SALES_AMOUNT`) VALUES (15438626, '6.00', '17.00');
INSERT INTO `SALES` (`SALES_ID`, `PROFIT`, `SALES_AMOUNT`) VALUES (57964422, '470.00', '3.00');
INSERT INTO `SALES` (`SALES_ID`, `PROFIT`, `SALES_AMOUNT`) VALUES (358788402, '614569.00', '0.00');
INSERT INTO `SALES` (`SALES_ID`, `PROFIT`, `SALES_AMOUNT`) VALUES (872054914, '17.00', '164347.00');


#
# TABLE STRUCTURE FOR: STOCK
#

DROP TABLE IF EXISTS `STOCK`;

CREATE TABLE `STOCK` (
  `STOCK_ID` int(10) unsigned NOT NULL,
  `QUANTITY` int(10) unsigned NOT NULL,
  `CATEGORY_OF_DRUGS` varchar(20) NOT NULL,
  `PRODUCT_ID` int(10) unsigned NOT NULL,
  UNIQUE KEY `STOCK_ID_2` (`STOCK_ID`),
  KEY `STOCK_ID` (`STOCK_ID`)
) ENGINE=InnoDB DEFAULT CHARSET=utf8;

INSERT INTO `STOCK` (`STOCK_ID`, `QUANTITY`, `CATEGORY_OF_DRUGS`, `PRODUCT_ID`) VALUES (506, 3, 'dissociatives', 472);
INSERT INTO `STOCK` (`STOCK_ID`, `QUANTITY`, `CATEGORY_OF_DRUGS`, `PRODUCT_ID`) VALUES (510, 2, 'dissociatives', 421);
INSERT INTO `STOCK` (`STOCK_ID`, `QUANTITY`, `CATEGORY_OF_DRUGS`, `PRODUCT_ID`) VALUES (517, 2, 'dissociatives', 500);
INSERT INTO `STOCK` (`STOCK_ID`, `QUANTITY`, `CATEGORY_OF_DRUGS`, `PRODUCT_ID`) VALUES (535, 7, 'stimulants', 468);
INSERT INTO `STOCK` (`STOCK_ID`, `QUANTITY`, `CATEGORY_OF_DRUGS`, `PRODUCT_ID`) VALUES (548, 5, 'dissociatives', 460);
INSERT INTO `STOCK` (`STOCK_ID`, `QUANTITY`, `CATEGORY_OF_DRUGS`, `PRODUCT_ID`) VALUES (549, 9, 'cannabis', 489);
INSERT INTO `STOCK` (`STOCK_ID`, `QUANTITY`, `CATEGORY_OF_DRUGS`, `PRODUCT_ID`) VALUES (550, 9, 'depressants', 480);
INSERT INTO `STOCK` (`STOCK_ID`, `QUANTITY`, `CATEGORY_OF_DRUGS`, `PRODUCT_ID`) VALUES (551, 5, 'inhalants', 420);
INSERT INTO `STOCK` (`STOCK_ID`, `QUANTITY`, `CATEGORY_OF_DRUGS`, `PRODUCT_ID`) VALUES (564, 2, 'depressants', 465);
INSERT INTO `STOCK` (`STOCK_ID`, `QUANTITY`, `CATEGORY_OF_DRUGS`, `PRODUCT_ID`) VALUES (567, 8, 'cannabis', 464);
INSERT INTO `STOCK` (`STOCK_ID`, `QUANTITY`, `CATEGORY_OF_DRUGS`, `PRODUCT_ID`) VALUES (570, 7, 'hallucinogens', 486);
INSERT INTO `STOCK` (`STOCK_ID`, `QUANTITY`, `CATEGORY_OF_DRUGS`, `PRODUCT_ID`) VALUES (574, 1, 'stimulants', 448);
INSERT INTO `STOCK` (`STOCK_ID`, `QUANTITY`, `CATEGORY_OF_DRUGS`, `PRODUCT_ID`) VALUES (576, 9, 'cannabis', 473);
INSERT INTO `STOCK` (`STOCK_ID`, `QUANTITY`, `CATEGORY_OF_DRUGS`, `PRODUCT_ID`) VALUES (578, 9, 'opioids', 439);
INSERT INTO `STOCK` (`STOCK_ID`, `QUANTITY`, `CATEGORY_OF_DRUGS`, `PRODUCT_ID`) VALUES (579, 5, 'stimulants', 404);
INSERT INTO `STOCK` (`STOCK_ID`, `QUANTITY`, `CATEGORY_OF_DRUGS`, `PRODUCT_ID`) VALUES (580, 8, 'depressants', 444);
INSERT INTO `STOCK` (`STOCK_ID`, `QUANTITY`, `CATEGORY_OF_DRUGS`, `PRODUCT_ID`) VALUES (582, 5, 'hallucinogens', 490);
INSERT INTO `STOCK` (`STOCK_ID`, `QUANTITY`, `CATEGORY_OF_DRUGS`, `PRODUCT_ID`) VALUES (583, 6, 'stimulants', 401);
INSERT INTO `STOCK` (`STOCK_ID`, `QUANTITY`, `CATEGORY_OF_DRUGS`, `PRODUCT_ID`) VALUES (594, 2, 'depressants', 433);
INSERT INTO `STOCK` (`STOCK_ID`, `QUANTITY`, `CATEGORY_OF_DRUGS`, `PRODUCT_ID`) VALUES (597, 3, 'stimulants', 495);


#
# TABLE STRUCTURE FOR: TRANSACTION
#

DROP TABLE IF EXISTS `TRANSACTION`;

CREATE TABLE `TRANSACTION` (
  `TRANSACTION_ID` int(10) unsigned NOT NULL,
  `PAYMENT_TYPE` varchar(10) NOT NULL,
  `TOTAL_PAYMENT` int(10) unsigned NOT NULL,
  `NO_OF_INSTALLMENTS` int(9) unsigned NOT NULL,
  `INVOICE` int(10) unsigned NOT NULL,
  UNIQUE KEY `TRANSACTION_ID_2` (`TRANSACTION_ID`),
  KEY `TRANSACTION_ID` (`TRANSACTION_ID`),
  KEY `INVOICE` (`INVOICE`)
) ENGINE=InnoDB DEFAULT CHARSET=utf8;

INSERT INTO `TRANSACTION` (`TRANSACTION_ID`, `PAYMENT_TYPE`, `TOTAL_PAYMENT`, `NO_OF_INSTALLMENTS`, `INVOICE`) VALUES (101203, 'Bank_Trans', 800745, 4, 29663332);
INSERT INTO `TRANSACTION` (`TRANSACTION_ID`, `PAYMENT_TYPE`, `TOTAL_PAYMENT`, `NO_OF_INSTALLMENTS`, `INVOICE`) VALUES (115687, 'Check', 555961, 2, 29704182);
INSERT INTO `TRANSACTION` (`TRANSACTION_ID`, `PAYMENT_TYPE`, `TOTAL_PAYMENT`, `NO_OF_INSTALLMENTS`, `INVOICE`) VALUES (147550, 'Ewallet', 763220, 2, 25577418);
INSERT INTO `TRANSACTION` (`TRANSACTION_ID`, `PAYMENT_TYPE`, `TOTAL_PAYMENT`, `NO_OF_INSTALLMENTS`, `INVOICE`) VALUES (185489, 'Bank_Trans', 279740, 1, 28487437);
INSERT INTO `TRANSACTION` (`TRANSACTION_ID`, `PAYMENT_TYPE`, `TOTAL_PAYMENT`, `NO_OF_INSTALLMENTS`, `INVOICE`) VALUES (186472, 'Bank_Trans', 724629, 4, 20806462);
INSERT INTO `TRANSACTION` (`TRANSACTION_ID`, `PAYMENT_TYPE`, `TOTAL_PAYMENT`, `NO_OF_INSTALLMENTS`, `INVOICE`) VALUES (194584, 'Check', 28539, 2, 21858188);
INSERT INTO `TRANSACTION` (`TRANSACTION_ID`, `PAYMENT_TYPE`, `TOTAL_PAYMENT`, `NO_OF_INSTALLMENTS`, `INVOICE`) VALUES (205521, 'Cash', 140421, 2, 28872674);
INSERT INTO `TRANSACTION` (`TRANSACTION_ID`, `PAYMENT_TYPE`, `TOTAL_PAYMENT`, `NO_OF_INSTALLMENTS`, `INVOICE`) VALUES (229052, 'Cash', 792207, 2, 29337367);
INSERT INTO `TRANSACTION` (`TRANSACTION_ID`, `PAYMENT_TYPE`, `TOTAL_PAYMENT`, `NO_OF_INSTALLMENTS`, `INVOICE`) VALUES (237027, 'Check', 33333, 1, 21812675);
INSERT INTO `TRANSACTION` (`TRANSACTION_ID`, `PAYMENT_TYPE`, `TOTAL_PAYMENT`, `NO_OF_INSTALLMENTS`, `INVOICE`) VALUES (294355, 'Ewallet', 537967, 0, 27541727);
INSERT INTO `TRANSACTION` (`TRANSACTION_ID`, `PAYMENT_TYPE`, `TOTAL_PAYMENT`, `NO_OF_INSTALLMENTS`, `INVOICE`) VALUES (308046, 'Bank_Trans', 424225, 3, 29779316);
INSERT INTO `TRANSACTION` (`TRANSACTION_ID`, `PAYMENT_TYPE`, `TOTAL_PAYMENT`, `NO_OF_INSTALLMENTS`, `INVOICE`) VALUES (331951, 'Bank_Trans', 440249, 4, 27300435);
INSERT INTO `TRANSACTION` (`TRANSACTION_ID`, `PAYMENT_TYPE`, `TOTAL_PAYMENT`, `NO_OF_INSTALLMENTS`, `INVOICE`) VALUES (419179, 'Cash', 995710, 2, 20288037);
INSERT INTO `TRANSACTION` (`TRANSACTION_ID`, `PAYMENT_TYPE`, `TOTAL_PAYMENT`, `NO_OF_INSTALLMENTS`, `INVOICE`) VALUES (423709, 'Bank_Trans', 292437, 1, 25000179);
INSERT INTO `TRANSACTION` (`TRANSACTION_ID`, `PAYMENT_TYPE`, `TOTAL_PAYMENT`, `NO_OF_INSTALLMENTS`, `INVOICE`) VALUES (430287, 'Bank_Trans', 7282, 4, 20006320);
INSERT INTO `TRANSACTION` (`TRANSACTION_ID`, `PAYMENT_TYPE`, `TOTAL_PAYMENT`, `NO_OF_INSTALLMENTS`, `INVOICE`) VALUES (449609, 'Cash', 283781, 1, 28727744);
INSERT INTO `TRANSACTION` (`TRANSACTION_ID`, `PAYMENT_TYPE`, `TOTAL_PAYMENT`, `NO_OF_INSTALLMENTS`, `INVOICE`) VALUES (453286, 'Ewallet', 445247, 2, 24175439);
INSERT INTO `TRANSACTION` (`TRANSACTION_ID`, `PAYMENT_TYPE`, `TOTAL_PAYMENT`, `NO_OF_INSTALLMENTS`, `INVOICE`) VALUES (481494, 'Check', 862746, 0, 24016281);
INSERT INTO `TRANSACTION` (`TRANSACTION_ID`, `PAYMENT_TYPE`, `TOTAL_PAYMENT`, `NO_OF_INSTALLMENTS`, `INVOICE`) VALUES (483229, 'Bank_Trans', 997502, 2, 29954506);
INSERT INTO `TRANSACTION` (`TRANSACTION_ID`, `PAYMENT_TYPE`, `TOTAL_PAYMENT`, `NO_OF_INSTALLMENTS`, `INVOICE`) VALUES (491352, 'Check', 208503, 3, 23904220);


#
# TABLE STRUCTURE FOR: OF
#

DROP TABLE IF EXISTS `OF`;

CREATE TABLE `OF` (
  `PRODUCT_ID` int(10) unsigned NOT NULL,
  `SALES_ID` int(10) unsigned NOT NULL,
  KEY `PRODUCT_ID` (`PRODUCT_ID`),
  KEY `SALES_ID` (`SALES_ID`)
) ENGINE=InnoDB DEFAULT CHARSET=utf8;

INSERT INTO `OF` (`PRODUCT_ID`, `SALES_ID`) VALUES (401, 0);
INSERT INTO `OF` (`PRODUCT_ID`, `SALES_ID`) VALUES (404, 2);
INSERT INTO `OF` (`PRODUCT_ID`, `SALES_ID`) VALUES (420, 3);
INSERT INTO `OF` (`PRODUCT_ID`, `SALES_ID`) VALUES (421, 9);
INSERT INTO `OF` (`PRODUCT_ID`, `SALES_ID`) VALUES (433, 38);
INSERT INTO `OF` (`PRODUCT_ID`, `SALES_ID`) VALUES (439, 533);
INSERT INTO `OF` (`PRODUCT_ID`, `SALES_ID`) VALUES (444, 4359);
INSERT INTO `OF` (`PRODUCT_ID`, `SALES_ID`) VALUES (448, 8344);
INSERT INTO `OF` (`PRODUCT_ID`, `SALES_ID`) VALUES (460, 9308);
INSERT INTO `OF` (`PRODUCT_ID`, `SALES_ID`) VALUES (464, 41296);
INSERT INTO `OF` (`PRODUCT_ID`, `SALES_ID`) VALUES (465, 270810);
INSERT INTO `OF` (`PRODUCT_ID`, `SALES_ID`) VALUES (468, 713154);
INSERT INTO `OF` (`PRODUCT_ID`, `SALES_ID`) VALUES (472, 814741);
INSERT INTO `OF` (`PRODUCT_ID`, `SALES_ID`) VALUES (473, 3836458);
INSERT INTO `OF` (`PRODUCT_ID`, `SALES_ID`) VALUES (480, 5082003);
INSERT INTO `OF` (`PRODUCT_ID`, `SALES_ID`) VALUES (486, 8548641);
INSERT INTO `OF` (`PRODUCT_ID`, `SALES_ID`) VALUES (489, 15438626);
INSERT INTO `OF` (`PRODUCT_ID`, `SALES_ID`) VALUES (490, 57964422);
INSERT INTO `OF` (`PRODUCT_ID`, `SALES_ID`) VALUES (495, 358788402);
INSERT INTO `OF` (`PRODUCT_ID`, `SALES_ID`) VALUES (500, 872054914);